image_size,model_name,backend_type,avg_latency_ms,min_latency_ms,max_latency_ms,std_latency_ms,fps,speedup,num_runs,status,error
640,yolov8,pytorch,43.40254671000002,41.90137500000013,48.748166000000204,0.9413134768484706,23.040122661041877,1.0,100,ok,
640,yolov8,torchscript,43.792390810000015,42.447709000001055,51.93533299999942,1.127505085520113,22.835017259931135,0.9910979032478178,100,ok,
640,yolov8,onnx,37.38692456000026,35.59220799999885,46.61454200000037,1.0797160375502814,26.747319063250412,1.16090176501,100,ok,
640,yolov8,onnx_quant,54.02389205000017,51.7240000000001,65.35354200000043,2.5109513444162217,18.510328709277008,0.8033954064218496,100,ok,
640,yolov5,pytorch,63.5593716599999,61.03712500000569,98.55070799999766,3.9883405356935078,15.733321049008017,1.0,100,ok,
640,yolov5,torchscript,62.487073730000226,59.80808300000007,76.8233330000001,1.7171230249635194,16.003309809655835,1.0171603159820375,100,ok,
640,yolov5,onnx,67.22740421000033,63.864875000000154,106.96979200000101,4.60893170332338,14.874886391214346,0.9454384325394674,100,ok,
640,yolov5,onnx_quant,90.14217759999953,87.96620799999744,153.29470900000075,6.672952478686357,11.093586006291524,0.705101356016057,100,ok,
