image_size,model_name,backend_type,avg_latency_ms,min_latency_ms,max_latency_ms,std_latency_ms,fps,speedup,num_runs,status,error
640,yolov8,pytorch,44.16901457000004,42.38512500000002,54.81412500000005,1.3731915691733394,22.640305873593302,1.0,100,ok,
640,yolov8,torchscript,44.57355244999999,42.296624999998755,91.34937500000007,4.7495355752364485,22.43482839115733,0.9909242620844785,100,ok,
640,yolov8,onnx,37.14124245999995,34.59620799999996,53.218749999999204,2.6562673633311356,26.924247380172357,1.1892174748211182,100,ok,
640,yolov5,pytorch,64.76827708999984,60.91916700000155,138.6949580000021,8.159342808623583,15.439657266325508,1.0,100,ok,
640,yolov5,torchscript,62.19793830999983,59.92966699999869,70.32608299999765,1.767612453804673,16.07770333183577,1.041325144367153,100,ok,
640,yolov5,onnx,64.04451000000016,61.89191599999333,82.83037500000034,2.258501898671374,15.614140852978617,1.0113010012880055,100,ok,
