model_name,backend_type,num_images,map_50,map_50_95,average_latency_ms,fps,status,error
yolov8,pytorch,139,1.0,1.0,35.14885487050358,28.450429002146123,ok,
yolov8,torchscript,139,0.9695016043553041,0.9611027232811322,46.47992080575534,21.51466660580402,ok,
yolov8,onnx,139,0.9695016043553041,0.9611027232811322,37.42964810791365,26.716788710299756,ok,
yolov8,onnx_quant,139,0.9184810275575401,0.8846896807687037,53.46036113669076,18.705447900793978,ok,
yolov5,pytorch,139,0.7116001045459832,0.605965541165246,53.637264071942404,18.643754809319198,ok,
yolov5,torchscript,139,0.7632990549295587,0.6571859141284314,76.7460833021582,13.029980905512591,ok,
yolov5,onnx,139,0.7632990549295587,0.6571859141284314,75.71986211510801,13.206574497980695,ok,
yolov5,onnx_quant,139,0.7634021918123314,0.6448404297788503,93.76777401438854,10.66464476213919,ok,
