model_name,backend_type,num_images,map_50,map_50_95,average_latency_ms,fps,status,error
yolov8,pytorch,139,1.0,1.0,35.70954380575535,28.00371814995936,ok,
yolov8,torchscript,139,0.9695016043553041,0.9611027232811322,46.80865919424453,21.363568562180852,ok,
yolov8,onnx,139,0.9695016043553041,0.9611027232811322,37.36772543165468,26.761061543041826,ok,
yolov5,pytorch,139,0.7116001045459832,0.605965541165246,51.57224761870507,19.390273764940652,ok,
yolov5,torchscript,139,0.7632990549295587,0.6571859141284314,65.94067085611479,15.165147503307033,ok,
yolov5,onnx,139,0.7632990549295587,0.6571859141284314,67.93867591366886,14.719156453250893,ok,
