{
  "model_name": "yolov5",
  "backend_type": "onnx",
  "num_images": 139,
  "map_50": 0.7632990549295587,
  "map_50_95": 0.6571859141284314,
  "per_image_latencies_ms": [
    66.41558300000128,
    63.738499999999476,
    60.965082999999254,
    62.012749999993844,
    60.746375000000796,
    61.2161250000014,
    115.08641700000055,
    61.641292000004455,
    61.58049999999804,
    63.60929099999879,
    63.052625000004525,
    62.154458999998496,
    62.01337499999937,
    121.0876660000011,
    63.62195799999881,
    63.84800000000013,
    61.51108399999572,
    63.55316700000202,
    63.16616600000202,
    62.62891600000131,
    62.0805420000039,
    64.41099999999977,
    63.10033299999418,
    62.02870799999971,
    62.462166999999624,
    64.43741599999697,
    62.74916600000324,
    65.22362500000156,
    63.47387499999968,
    63.199083000000655,
    63.626125000006084,
    63.05920800000564,
    62.2506670000007,
    62.21804100000128,
    65.8419999999964,
    63.86858299999432,
    62.48437499999682,
    63.61187499999943,
    63.17208299999777,
    64.29533400000054,
    62.34520900000007,
    62.57770799999918,
    63.00729200000177,
    68.29800000000574,
    62.83637499999628,
    63.26666700000061,
    63.09345799999733,
    65.17641699999643,
    63.55937500000408,
    63.17712500000283,
    62.681458000000134,
    63.40079200000304,
    64.55170799999621,
    62.29904100000283,
    62.825832999998,
    64.24612499999682,
    65.42545799999999,
    63.554166999999495,
    63.076666000000614,
    63.11850000000163,
    65.46362499999958,
    64.19766599999832,
    63.590208000000814,
    64.50545899999582,
    64.83195899999572,
    63.36083400000092,
    62.703375000005224,
    63.700750000002415,
    64.38937500000463,
    64.37625000000224,
    64.16499999999559,
    62.87066699999855,
    63.45929100000092,
    65.68833400000074,
    65.34870800000192,
    63.705333000001474,
    63.32616600000307,
    63.52762499999898,
    65.53758300000112,
    63.5819999999967,
    64.30766699999424,
    63.65462499999808,
    63.44170899999568,
    64.62216599999948,
    63.92504199999394,
    63.91366700000134,
    63.05929199999838,
    64.66874999999561,
    66.46904099999773,
    63.88654199999877,
    63.9910409999942,
    65.03441699999968,
    64.75470799999528,
    64.7534170000057,
    64.36691599999733,
    64.07570799999007,
    64.2804999999953,
    62.79879100000585,
    80.98679100000084,
    64.70600000000104,
    65.07062500000416,
    63.662415999999666,
    65.7485000000122,
    64.44420799999762,
    63.990541999999095,
    64.02491600000815,
    66.70541700000854,
    64.97858400000212,
    63.905707999992956,
    64.15462500000046,
    79.23087499999326,
    172.66058299999543,
    68.65429199999085,
    67.72516600000245,
    70.59883400000899,
    66.02912500000002,
    66.3242079999975,
    68.12516700000515,
    77.46008299999119,
    65.6947500000058,
    64.59566699999186,
    66.54883299999881,
    64.90991699999427,
    64.70891700000436,
    64.88308400000165,
    66.59045899999683,
    78.81791600000554,
    65.39195900001005,
    64.08050000000287,
    65.396333999999,
    66.5381249999939,
    64.91254099999821,
    101.61249999998745,
    94.68166599999961,
    87.18208400000549,
    78.39679100000296,
    94.51750000000914,
    92.95637499999998,
    159.77824999998802
  ],
  "average_latency_ms": 67.93867591366886,
  "fps": 14.719156453250893
}