model_name,backend_type,frame_count,average_fps,average_latency_ms,total_detections,total_latency_ms,wall_time_s,status,error
yolov8,pytorch,100,31.154121992082832,32.09848122999997,1,3209.848122999997,3.2363194589999997,ok,
yolov8,torchscript,100,22.23708046616721,44.96993215999997,3,4496.993215999997,4.529515750000001,ok,
yolov8,onnx,100,26.86365066048338,37.22502249000011,3,3722.5022490000106,3.767827209,ok,
yolov5,pytorch,100,21.68270199002991,46.11971333,25,4611.971333,4.641263583000001,ok,
yolov5,torchscript,100,15.558187507860204,64.27483918000003,15,6427.4839180000035,6.464115249999999,ok,
yolov5,onnx,100,15.50503375991157,64.4951836600002,15,6449.518366000019,6.499200250000001,ok,
