model_name,backend_type,frame_count,average_fps,average_latency_ms,total_detections,total_latency_ms,wall_time_s,status,error
yolov8,pytorch,150,37.84356318573922,26.424573053333283,308,3963.6859579999923,4.472216250000001,ok,
yolov5,pytorch,150,25.056070796782013,39.91048748666656,305,5986.573122999984,6.523052916000001,ok,
